,Similarity,Emoji
0,0.9609608,❌
1,0.96096075,✅
