,Similarity,Emoji
0,0.9291202,✅
1,0.9291201,❌
